{"cameraMode":{"drawMode":0,"name":"Shaded","section":"Shading Mode"},"sceneLighting":true,"audioPlay":false,"sceneViewState":{"m_AlwaysRefresh":false,"showFog":true,"showSkybox":true,"showFlares":true,"showImageEffects":true,"showParticleSystems":true,"showVisualEffectGraphs":true,"m_FxEnabled":true},"in2DMode":false,"pivot":{"x":-0.8250792026519775,"y":1.3371081352233887,"z":-0.12204194068908692},"rotation":{"x":-0.07973960041999817,"y":0.8965076804161072,"z":-0.18015404045581819,"w":-0.39681145548820498},"size":4.207394599914551,"orthographic":false}